Feature,Importance
PagesPerVisit,0.09580734076139993
TimeOnSite,0.09197127138286713
ClickThroughRate,0.0902772000262307
AdSpend,0.0896075470540522
ConversionRate,0.08832635018947099
LoyaltyPoints,0.08248301779686112
WebsiteVisits,0.06865150897068732
EmailOpens,0.06281857536769715
PreviousPurchases,0.060959561454364444
EmailClicks,0.058618671248960245
